DENOM_CIA,TIPO,DT_FIM_EXERC,RECEITA LIQUIDA,ATIVO CIRCULANTE,PASSIVO CIRCULANTE,CAPITAL CIRCULANTE LIQUIDO,LIQUIDEZ CORRENTE,LIQUIDEZ A SECO,EXIGIVEL A LONGO PRAZO,EXIGIVEL / ATIVO (TOTAL),ENDIVIDAMENTO GERAL,CAPITAIS DE LONGO PRAZO,COBERTURA DE JUROS,COBERTURA DE JUROS (CAIXA OPERAÇÕES),CUSTO DA MERCADORIA VENDIDA,CUSTO DA MERCADORIA VENDIDA %,DESPESAS OPERACIONAIS %,GIRO,ROA,ROE,ROI,MG_OP,MG_LIQ,JUROS,PAYOUT,GIRO DE VALORES A RECEBER,GIRO DE DUPLICATAS A PAGAR
"ARMAC LOCAÇÃO, LOGÍSTICA E SERVIÇOS S.A.",LOGÍSTICA,2021,389754,1897148,311413,1585735,"6,092064236","6,064289224",1857377,1,"2,949129008","1,66925677","6,11342626","-6,635141537",-201903,"-0,5180267553","-0,1498637602","0,1187735926","0,0394458366","0,05218311903",,"0,3321094844","0,1489760208","-0,06228726617",0,"9,143842486","-8,144041304"
"ARMAC LOCAÇÃO, LOGÍSTICA E SERVIÇOS S.A.",LOGÍSTICA,2022,951754,1290609,393050,897559,"3,283574609","3,239291439",2179404,1,"3,22046385","1,881195075","3,722297478","-3,863503237",-504134,"-0,5296893945","-0,1337604045","0,2550952499","0,08585235763","0,1282600833",,"0,336550201","0,1561243767","-0,2171436302",0,"16,02954105","-3,547241768"
BBM LOGÍSTICA S.A.,LOGÍSTICA,2017,289750,101537,80989,20548,"1,253713467","1,251385991",65169,1,"3,141917142","0,9550390551","16,98269896","-19,29600679",-246490,"-0,8506988783","-0,09902329594","1,351477413","0,06846708179","0,04550317277",,"0,05066091458","0,0107161346","-0,2258241082","0,2376811594","22,43081092","-32,40517978"
BBM LOGÍSTICA S.A.,LOGÍSTICA,2018,507618,152919,116278,36641,"1,315115499","1,306068216",97439,1,"3,148168623","0,9794045513","18,15381426","-29,40417273",-439837,"-0,8664724261","-0,07446544449","1,620721253","0,08828083843","0,05846936314",,"0,05447009365","0,01145940451","-0,1735846938","0,2375795083","16,515959","-33,68720561"
BBM LOGÍSTICA S.A.,LOGÍSTICA,2019,608880,264729,243314,21415,"1,088013842","1,082029805",300051,1,"5,499879918","2,484873831","7,29273604","-23,02217199",-553832,"-0,9095913809","-0,05389731967","0,9168277831","0,03830806666","0,1138375666",,"0,04178327421","0,02257587702","-0,1025940206","0,2375236432","15,6631124","-19,72336182"
BBM LOGÍSTICA S.A.,LOGÍSTICA,2020,1002017,312333,355327,-42994,"0,8790015957","0,8672560768",331593,1,"6,386044834","2,599974909","9,570492327","-34,38520168",-879825,"-0,8780539652","-0,09406227639","1,230288401","0,04204887428","0,06977582976",,"0,03417806285","0,008881086848","-0,09282594771","0,2375547814","18,64512528","-25,09949078"
BBM LOGÍSTICA S.A.,LOGÍSTICA,2021,1356199,388307,429248,-40941,"0,9046215707","0,8894205681",396241,1,"7,038513869","2,898532596","6,694110695","-26,07143855",-1241362,"-0,9153243735","-0,1011451859","1,409487494","0,02166509214","0,0879491456",,"0,01537090058","0,008865218158","-0,1387783483","0,237544706","18,72905547","-26,6306689"
BBM LOGÍSTICA S.A.,LOGÍSTICA,2022,1631761,399579,488465,-88886,"0,818029951","0,8043882366",504372,1,"15,50222755","7,367289406","15,94371482","-14,86074145",-1517548,"-0,9300062938","-0,07991121249","1,53751444","0,03293043047","-1,038532887",,"0,02141796501","-0,04357194467","-0,2388670044",0,"24,83900234","-26,17658068"
CIA LOCAÇÃO DAS AMÉRICAS,LOCAÇÃO,2010,309185,164736,234636,-69900,"0,7020917506","0,7020917506",352839,1,"5,278956109","2,569952074","3,462498396","-4,438029668",-217680,"-0,7040445041","-0,09246567589","0,4265979919","0,08691872859","0,08414788702","12,83666667","0,2037485648","0,0373659783","-0,2591054939",0,"28,2405864","-8,732699482"
CIA LOCAÇÃO DAS AMÉRICAS,LOCAÇÃO,2011,390682,240286,279943,-39657,"0,858339019","0,858339019",490855,1,"5,850348612","3,088770168","17,50044444","-4,632164071",-231699,"-0,5930629003","-0,1198212357","0,4202174002","0,1222773885","0,1420624733","12,64761905","0,2909860193","0,05778612785","-0,2450629088",0,"20,86363515","-6,339667556"
CIA LOCAÇÃO DAS AMÉRICAS,LOCAÇÃO,2012,444063,422351,201330,221021,"2,097804599","2,097804599",682298,1,"3,927908017","2,260799549","7,686689116","-4,888776752",-315395,"-0,7102483206","-0,112666446","0,3746029898","0,06272191446","0,01233287496","2,085154062","0,1674357017","0,008381693589","-0,2287546343",0,"16,59924492","-5,997584954"
CIA LOCAÇÃO DAS AMÉRICAS,LOCAÇÃO,2013,540939,425559,183841,241718,"2,314820959","2,314820959",739141,1,"4,03416876","2,429818275","7,763152621","-6,865580611",-402390,"-0,7438731539","-0,1133140705","0,4407991343","0,07103859424","0,05334060934","12,82687747","0,1611586519","0,02999598846","-0,1900752127",0,"16,63557524","-7,224626102"
CIA LOCAÇÃO DAS AMÉRICAS,LOCAÇÃO,2014,629222,451561,195258,256303,"2,312637638","2,312637638",861767,1,"4,432501153","2,79843544","3,080813768","-4,559253879",-456405,"-0,7253481283","-0,09738534253","0,4609782918","0,0855234287","0,08049463218",,"0,1855259352","0,03939468105","-0,2865589745",0,"17,88769411","-6,419333741"
CIA LOCAÇÃO DAS AMÉRICAS,LOCAÇÃO,2017,1094614,691657,632113,59544,"1,094198347","1,094198347",1279208,1,"4,95488546","2,646923839","14,626371","-7,098030463",-772778,"-0,7059822001","-0,0894552783","0,4571172997","0,09345644913","0,125388749","137,0995475","0,2044474125","0,05536015436","-0,1758040643","0,08153734447","26,84160322","-4,357901741"
CIA LOCAÇÃO DAS AMÉRICAS,LOCAÇÃO,2018,2917195,2784599,2416077,368522,"1,152529079","1,152529079",3762895,1,"3,408443271","1,466703384","14,82703701","-8,975462446",-2032922,"-0,6968755945","-0,1130798592","0,3336027212","0,06249744125","0,07374726471",94601,"0,1873409217","0,06485750867","-0,1170977956","0,1351307069","26,52437527","-2,05956557"
CIA LOCAÇÃO DAS AMÉRICAS,LOCAÇÃO,2019,4798607,3122100,2278402,843698,"1,370302519","1,370302519",4865181,1,"2,829618603","1,246072967","15,93847731","-12,08392031",-3477065,"-0,7245988263","-0,1090064262","0,4343419267","0,07230498134","0,08660614879","396,8849765","0,166470186","0,0704675336","-0,1232977905","0,1060843541","33,164115","-3,60903477"
CIA LOCAÇÃO DAS AMÉRICAS,LOCAÇÃO,2020,5591827,4756657,3544510,1212147,"1,341978722","1,341978722",6735428,1,"3,455621305","1,608926094","19,96008248","-18,73386644",-4201182,"-0,751307578","-0,1098149138","0,3865435947","0,05368801787","0,09212170782","368,6883365","0,1388925301","0,06896636824","-0,06444902683","0,3267565241","35,73288332","-3,550109642"
CIA LOCAÇÃO DAS AMÉRICAS,LOCAÇÃO,2021,6513489,4162116,3760146,401970,"1,106902764","1,106902764",9816805,1,"3,756514642","1,993095999","30,69066538","-13,48393109",-3846139,"-0,5904882928","-0,1195956576","0,3520356543","0,1022573558","0,2036732005","975,8492218","0,2904744293","0,1540146917","-0,07966840272","0,1056926373","28,1947556","-3,311603194"
CIA LOCAÇÃO DAS AMÉRICAS,LOCAÇÃO,2022,8111381,3529199,2654317,874882,"1,329607202","1,3065184",11493474,1,"3,371004506","1,926171983","13,57159918","-5,831835542",-5068417,"-0,6248525374","-0,1250060871","0,4032544902","0,11085945","0,05086288711","259,1793339","0,27491188","0,03741643994","-0,2212003273",0,"35,71938415","-10,11818618"
JSL S.A.,LOGÍSTICA,2010,2028459,946423,640911,305512,"1,47668397","1,466904141",1474360,1,"3,60113107","1,81300817","7,044427944","-14,4502426",-1673373,"-0,8249479038","-0,06002881991","0,6926654517","0,08236892616","0,1144117401","56,94063647","0,1189158864","0,0458678238","-0,1406930838",0,"16,55074249","-61,45215843"
JSL S.A.,LOGÍSTICA,2011,2408237,1143035,715909,427126,"1,59662052","1,573419247",2285454,1,"4,558284311","2,709534005","5,051333594","-11,74473181",-2014509,"-0,8365077856","-0,06689997704","0,6263541169","0,05976229496","0,0674403606","33,20782253","0,09541295147","0,02362101404","-0,1457777683",0,"14,99980224","-70,09669787"
JSL S.A.,LOGÍSTICA,2012,4021596,1378852,1122146,256706,"1,228763459","1,151693273",2496872,1,"4,809809447","2,628504897","5,84848521","-16,2138189",-3316013,"-0,8245514965","-0,09068439495","0,8802034783","0,06645941213","0,08183312086","854,2307692","0,07550460066","0,01932939062","-0,1495035394",0,"24,68258942","-25,16630491"
JSL S.A.,LOGÍSTICA,2013,4746520,2040270,1447064,593206,"1,409937639","1,314402473",3368375,1,"5,745869302","3,319711351","5,966070982","-16,3795888",-3985783,"-0,8397274214","-0,08375378172","0,8141406885","0,06086638681","0,09221817379","70,03742515","0,07476150948","0,01971339002","-0,1304358751","0,23923266","27,38848321","-15,15547182"
JSL S.A.,LOGÍSTICA,2014,5539194,2854393,1871356,983037,"1,525307317","1,446758126",4573076,1,"7,167634721","4,376656053","7,389819517","-13,17228743",-4546372,"-0,8207641762","-0,09019868234","0,7396132969","0,06143448977","0,06932860168","50,65734266","0,08306298714","0,01307771492","-0,1422775506","0,2375069023","22,05540934","-12,56392368"
JSL S.A.,LOGÍSTICA,2015,5989912,3371043,2414240,956803,"1,396316439","1,355046723",5308482,1,"8,572238896","5,205042196","5,540548166","-9,108033574",-4852554,"-0,8101210836","-0,08676554848","0,6851411966","0,06673705004","0,04585080691","30,46384365","0,09740627241","0,007806792487","-0,185093546","0,2375005346","23,40671126","-18,58539612"
JSL S.A.,LOGÍSTICA,2016,6739417,2716700,3194162,-477462,"0,8505204182","0,8247505919",5065232,1,"14,56246829","8,317444157","5,183262743","-7,507359113",-5442057,"-0,8074967019","-0,1015184251","0,7599375219","0,0562428348","-0,300783758","-155,3638677","0,0740098142","-0,02717950232","-0,2394466228",0,"23,86103111","-10,81316343"
JSL S.A.,LOGÍSTICA,2017,7255804,4488461,3129688,1358773,"1,434156056","1,39483153",7181916,1,"9,670167827","6,0386742","6,56157572","-9,092083136",-5769689,"-0,7951825876","-0,1028283013","0,6308887877","0,0612533393","0,01405677194","17,07660878","0,09709054985","0,002304086494","-0,1707001161",0,"21,78202229","-12,62100439"
JSL S.A.,LOGÍSTICA,2018,8075389,7191320,4035478,3155842,"1,782024335","1,749563868",10589977,1,"12,71443069","8,482166986","5,166423858","-8,887594742",-6309087,"-0,781273447","-0,09950814753","0,5087194407","0,06052159405","0,1515179427","50,39158231","0,1189685104","0,0234254969","-0,1366149634","0,145588624","22,32804329","-10,15791647"
JSL S.A.,LOGÍSTICA,2019,9686209,8910832,4678968,4231864,"1,904443886","1,871740414",13209303,1,"8,516197101","5,550213596","5,384643178","-9,337545826",-7626826,"-0,7873901957","-0,09257822126","0,4779009854","0,05916475012","0,1338781317","47,44267421","0,1238012725","0,03289470628","-0,1267171098","0,2215362887","20,79190194","-8,425109321"
JSL S.A.,LOGÍSTICA,2020,2826797,1900423,945637,954786,"2,00967496","1,985959729",2827973,1,"4,542810094","2,655009736","12,82569674","-13,9183961",-2525142,"-0,8932873496","-0,05553529313","0,5841991206","0,04038000676","0,1232854463",,"0,06912027995","0,04645434391","-0,1136190544","0,250272242","12,99148163","-35,71528387"
JSL S.A.,LOGÍSTICA,2021,4295978,2654515,1211772,1442743,"2,190605989","2,167548021",4580624,1,"5,355672929","3,444464079","15,81536315","-18,57823432",-3635312,"-0,8462128996","-0,06933508505","0,60317734","0,0735628798","0,2049462684",,"0,1219589579","0,06344259677","-0,08537745002","0,2359584367","13,24968348","-19,43419537"
JSL S.A.,LOGÍSTICA,2022,6022405,2406151,1758397,647754,"1,368377562","1,351987065",5071122,1,"5,834670925","3,589887676","15,51700218","-9,24029421",-4981357,"-0,8271374974","-0,05990646594","0,7306853372","0,09327986982","0,1374629853",,"0,1276607933","0,03224326494","-0,2022979949","0,2965001905","20,414863","-15,51189155"
LOCALIZA RENT A CAR S.A.,LOCAÇÃO,2010,2497194,751385,833704,-82319,"0,9012611191","0,9012611191",1622265,1,"3,732674116","1,805039711","16,23930684","-16,34456163",-1753399,"-0,7021476906","-0,1015195455","0,7443842406","0,1461470153","0,2847224231",,"0,1963327639","0,1024718144","-0,1370497755","0,1571248808","36,35031588","-7,916808893"
LOCALIZA RENT A CAR S.A.,LOCAÇÃO,2011,2918130,1147636,793778,353858,"1,445789629","1,445789629",2095193,1,"3,578096402","1,869734772","12,84160713","-13,47445179",-2015160,"-0,6905655334","-0,1052944865","0,7277941636","0,1485718861","0,2602591687",,"0,2041399801","0,09994140083","-0,1657136745","0,1313048189","33,02546401","-8,247782178"
LOCALIZA RENT A CAR S.A.,LOCAÇÃO,2012,3166800,1248334,734168,514166,"1,700338342","1,700338342",1986987,1,"3,054084799","1,499892433","9,979200713","-17,75538059",-2332991,"-0,7367029809","-0,1173140078","0,7827167597","0,1151355888","0,1818723943",,"0,1470973854","0,07608184919","-0,146467952","0,0774438025","34,69154128","-13,10109728"
LOCALIZA RENT A CAR S.A.,LOCAÇÃO,2013,3506235,1493420,976658,516762,"1,529112545","1,529112545",2260334,1,"3,413489928","1,685297135","9,965124788","-20,93193261",-2444164,"-0,697090754","-0,1169356874","0,7658544843","0,1424286838","0,2865655439",,"0,1859735585","0,109617296","-0,1155974436","0,1380950399","33,7620876","-10,61567662"
LOCALIZA RENT A CAR S.A.,LOCAÇÃO,2014,3892216,1962658,1398380,564278,"1,403522648","1,403522648",2643570,1,"3,44152234","1,596836975","7,003111835","-15,72940947",-2710548,"-0,6964022552","-0,1169079517","0,6831500526","0,127537142","0,2480145019",,"0,1866897932","0,1054897775","-0,1367542894","0,1442537428","33,64407717","-6,543890124"
LOCALIZA RENT A CAR S.A.,LOCAÇÃO,2015,3928095,2005577,1356058,649519,"1,478975826","1,478975826",2825389,1,"3,153634391","1,455203167","5,605812724","-11,9773094",-2688826,"-0,6845114489","-0,1282456254","0,6415285976","0,1201216915","0,2072681125",,"0,1872429256","0,1024483878","-0,1769822743","0,07282314556","32,01322714","-7,786994964"
LOCALIZA RENT A CAR S.A.,LOCAÇÃO,2016,4439273,2242761,1841699,401062,"1,217767398","1,217767398",3378566,1,"3,376098662","1,53781583","5,024838077","-11,12903805",-3149234,"-0,7094030937","-0,1168765697","0,5985061859","0,1039726961","0,1863071748",,"0,1737203366","0,09220316029","-0,1706855878","0,09711102696","41,51792507","-6,914547245"
LOCALIZA RENT A CAR S.A.,LOCAÇÃO,2017,6058279,3430988,2234098,1196890,"1,535737465","1,535737465",6351411,1,"4,30119832","2,442169395","6,522282156","-13,16036868",-4410855,"-0,7280706286","-0,111960839","0,5415834319","0,08663630673","0,1944365513",,"0,1599685323","0,08346858902","-0,1192434834","0,07195120987","41,08547324","-6,624496876"
LOCALIZA RENT A CAR S.A.,LOCAÇÃO,2018,7895804,3693810,3339420,354390,"1,106123219","1,106123219",7558492,1,"4,521701392","2,442555216","9,669668436","-16,22748315",-5825910,"-0,7378488625","-0,1032516765","0,5642917655","0,08966565741","0,2130255531",,"0,158899461","0,0834883946","-0,0985159359","0,07466990692","30,9538014","-5,290114026"
LOCALIZA RENT A CAR S.A.,LOCAÇÃO,2019,10195637,4494079,3522249,971830,"1,275911783","1,275911783",10423179,1,"3,559953388","1,913376369","8,626943358","-17,80366401",-7685944,"-0,7538463757","-0,1000492662","0,5257390826","0,07681277123","0,1530854706",,"0,1461043582","0,08179361427","-0,0903473167","0,0760176416","31,94792453","-5,99203473"
LOCALIZA RENT A CAR S.A.,LOCAÇÃO,2020,10307615,5569622,4296388,1273234,"1,296349864","1,296349864",10092087,1,"3,377215535","1,667380733","15,77260999","-22,25844534",-7408647,"-0,7187547265","-0,106448873","0,5042584722","0,08814256587","0,1731767807",,"0,1747964005","0,1016898672","-0,07122130733","0,06910358908","37,16300614","-8,920701432"
LOCALIZA RENT A CAR S.A.,LOCAÇÃO,2021,10901336,6942865,4984500,1958365,"1,392890962","1,392890962",12710466,1,"3,323061169","1,668677408","13,850126","-21,45272821",-6202570,"-0,5689733809","-0,1352769972","0,4306776186","0,1273727429","0,268301543",,"0,2957496219","0,1874703247","-0,06520475936","0,1413378924","33,2098353","-6,023971299"
LOCALIZA RENT A CAR S.A.,LOCAÇÃO,2022,17783568,11688910,11236806,452104,"1,040234209","1,034780257",33849220,1,"3,191769566","1,645514072","7,022333175","-6,512451391",-11135459,"-0,6261656266","-0,1191420079","0,2708571507","0,06898655827","0,08950670143","52,67815862","0,2546972014","0,1035341727","-0,1355650196","0,1740086802","28,56793483","-3,605020338"
LOG-IN LOGISTICA INTERMODAL S.A.,LOGÍSTICA,2010,620892,209355,66564,142791,"3,14516856","3,078172886",468045,1,"1,87366546","0,7648856459","3,540776175","-36,84435713",-531162,"-0,8554821128","-0,08736463024","0,5415429594","0,03534945627","0,02990611441","2287,5","0,06527544243","0,0294737249","-0,06855103449",0,"15,03206672","-47,04503786"
LOG-IN LOGISTICA INTERMODAL S.A.,LOGÍSTICA,2011,658720,215878,119800,96078,"1,801986644","1,749482471",853470,1,"2,823145843","1,598734455","-1,83156529","-12,80377883",-615950,"-0,9350710469","-0,1748330095","0,4370746415","-0,04733427067","-0,1464143818","-15632,4","-0,1082979111","-0,1186573962","-0,1242039722",0,"17,95574576","-36,57443145"
LOG-IN LOGISTICA INTERMODAL S.A.,LOGÍSTICA,2012,718125,291116,247181,43935,"1,177744244","1,162933235",1115499,1,"3,570769356","2,10444906","6,815103","-10,81797201",-666528,"-0,9281503916","-0,1096132289","0,3794088698","0,02339615384","-0,04686388702","-4968,2","0,06166475196","-0,03459147084","-0,1081090205",0,"26,16024917","-24,3471654"
LOG-IN LOGISTICA INTERMODAL S.A.,LOGÍSTICA,2013,810667,366404,272647,93757,"1,343876881","1,323387017",1230989,1,"3,702840287","2,212747408","10,00882604","-8,516493493",-721398,"-0,8898820354","-0,09348474774","0,3935366487","0,04534618023","0,01180442086","1313,4","0,1152273375","0,008100736801","-0,1384464059",0,"21,36693881","-28,5968327"
LOG-IN LOGISTICA INTERMODAL S.A.,LOGÍSTICA,2014,974322,421368,414517,6851,"1,01652767","0,9987539715",1246819,1,"4,520421094","2,642047068","6,107713137","-6,201959632",-898800,"-0,9224876376","-0,04561736264","0,4567312786","0,05751084027","-0,1783990303","-16837,8","0,1259183309","-0,08640777895","-0,1977510871",0,"21,26052446","-18,93526029"
LOG-IN LOGISTICA INTERMODAL S.A.,LOGÍSTICA,2015,1054432,421274,1831607,-1410333,"0,2300023968","0,2258298314",401258,1,"24,08896977","4,149213604","2,731842773","-2,880585488",-959857,"-0,9103071606","-0,06123296713","0,4526290666","0,02834898428","-3,880639457",-75057,"0,06263182453","-0,3559119981","-0,3479493834",0,"25,74815484","-16,74208121"
LOG-IN LOGISTICA INTERMODAL S.A.,LOGÍSTICA,2016,794031,428667,365666,63001,"1,172291107","1,150988881",1302078,1,"9,778755099","6,85394394","2,902894092","-4,358132605",-798041,"-1,005050181","-0,1437538333","0,4274225542","0,09404813107","0,4951388341","18812,8","0,2200354898","0,1184638887","-0,2499022632",0,"8,918865641","-10,77836604"
LOG-IN LOGISTICA INTERMODAL S.A.,LOGÍSTICA,2017,872172,339102,299534,39568,"1,132098526","1,107951017",1265683,1,"-2,980441323","-3,218708278","-5,287768247","-6,642617033",-797150,"-0,9139825631","-0,6709399063","0,7441804111","-0,4263500542","1,543304504","-121373,8","-0,5729122237","-0,6958134405","-0,280336209",0,"16,54865426","-13,78889831"
LOG-IN LOGISTICA INTERMODAL S.A.,LOGÍSTICA,2018,977433,289695,287723,1972,"1,006853814","0,9726142853",1210116,1,"-3,223702651","-3,412362849","5,458925896","-6,643391473",-843560,"-0,8630361365","-0,05350341149","0,8549884011","0,1175066392","-0,01712785547","1214,8","0,1374365302","0,006214236679","-0,2069655016",0,"13,82043514","-16,39142305"
LOG-IN LOGISTICA INTERMODAL S.A.,LOGÍSTICA,2019,1052204,912812,331246,581566,"2,755692144","2,723294772",1263784,1,"6,030894473","3,986109315","54,51980874","-7,477217786",-854222,"-0,8118406697","-0,08470410681","0,5502937382","0,09020714124","0,0351903661",,"0,1639254365","0,01060345712","-0,1913957731",0,"22,45600107","-13,5497236"
LOG-IN LOGISTICA INTERMODAL S.A.,LOGÍSTICA,2020,1126179,1058787,416124,642663,"2,54440263","2,517693043",1436426,1,"6,23373912","4,058124719","18,96314931","-6,93661773",-893277,"-0,793192734","-0,07970757757","0,5103885633","0,08735955782","0,03672700254",,"0,1711628436","0,01154345801","-0,1892456344","0,0009230769231","13,39592893",
LOG-IN LOGISTICA INTERMODAL S.A.,LOGÍSTICA,2021,1397039,964697,489608,475089,"1,970345664","1,92885635",1493559,1,"5,355765577","3,280405977","9,033407623","-8,627996002",-1107114,"-0,7924717921","-0,07204952761","0,5729176236","0,1011042197","0,2143018733",,"0,1764725251","0,06984128575","-0,1750588831","0,0002049789384","20,78215789",
LOG-IN LOGISTICA INTERMODAL S.A.,LOGÍSTICA,2022,2067050,1067048,680130,386918,"1,568888301","1,529360563",1893319,1,"3,939022218","2,162275843","7,948492535","-9,680697443",-1579411,"-0,7640894028","-0,07091120195","0,599307696","0,1159851241","0,4645425953",,"0,1935318449","0,1967828548","-0,177710147","0,00003441833022","18,42512245",
MOVIDA PARTICIPACOES SA,LOCAÇÃO,2014,60263,240432,572083,-331651,"0,4202746804","0,4202746804",173036,1,"2,186714425","0,2755859363","28,86666667","-12,8827296",-39252,"-0,651344938","-0,1684947646","0,04389138261","0,00776546009","0,007590574055",,"0,176924481","0,0790866701","-0,014671482",0,"2,561875611","-0,1655793823"
MOVIDA PARTICIPACOES SA,LOCAÇÃO,2015,1213502,777773,1117336,-339563,"0,6960958924","0,6960958924",706784,1,"3,295966338","0,8896082891","8,464189857","-11,34308602",-948187,"-0,781364184","-0,0839990375","0,4634147366","0,05805372242","0,08439386826",,"0,1252737944","0,05525330819","-0,1271495296","0,2374944072","27,03550144","-5,647987706"
MOVIDA PARTICIPACOES SA,LOCAÇÃO,2016,1893180,565338,1497200,-931862,"0,3775968474","0,3775968474",570748,1,"3,865126461","0,7907670779","6,606864553","-10,91066518",-1448915,"-0,7653339883","-0,1085691799","0,6786289486","0,06856690993","0,05499989609",,"0,101037408","0,0209684235","-0,1860346585","2,315263118","35,13762319","-3,413553001"
MOVIDA PARTICIPACOES SA,LOCAÇÃO,2017,2467983,1161338,1615777,-454439,"0,7187489363","0,7187489363",1105853,1,"3,118263753","0,8606931602","7,40606939","-12,80245496",-1823113,"-0,7387056556","-0,1292071299","0,615999371","0,06292521846","0,05173095483",,"0,102151433","0,02693130382","-0,1599644331","0,2036529955","61,52691509","-5,092053481"
MOVIDA PARTICIPACOES SA,LOCAÇÃO,2018,2538599,1435941,1642881,-206940,"0,8740383509","0,8740383509",1890578,1,"3,130075679","1,139697452","11,92017432","-13,28329896",-1731963,"-0,6822515096","-0,1466359988","0,4889159931","0,07313270167","0,09630453051","153,1677852","0,1495813242","0,06292998619","-0,1240348339","0,3409492094","28,52278307","-3,561251441"
MOVIDA PARTICIPACOES SA,LOCAÇÃO,2019,3836044,1949183,2239379,-290196,"0,8704122884","0,8704122884",2702439,1,"3,14768368","1,174463353","11,44150245","-17,51330415",-2896435,"-0,7550578148","-0,116816439","0,5296342569","0,06464169949","0,09900699653","205,7949413","0,1220496949","0,05938800493","-0,09900121777","0,2490441806","28,23506378",
MOVIDA PARTICIPACOES SA,LOCAÇÃO,2020,4085259,2380202,2448236,-68034,"0,9722110123","0,9722110123",3695711,1,"3,604824309","1,566855614","4,711927839","-17,31433219",-3219781,"-0,7881461126","-0,1230673502","0,4804702123","0,03578905672","0,04622373531","87,99596449","0,07448756615","0,026687904","-0,08625855659","0,3430342943","35,62995168","-4,871197239"
MOVIDA PARTICIPACOES SA,LOCAÇÃO,2021,5332623,9146959,3751193,5395766,"2,438413326","2,438413326",14680188,1,"6,611672439","4,469573192","4,541822426","-6,281231518",-2946075,"-0,5524626436","-0,1292634038","0,2455635982","0,07675203917","0,2494888067","688,0260285","0,3125546284","0,1536652788","-0,1040311629","0,1587927838","23,4086666","-2,54328042"
MOVIDA PARTICIPACOES SA,LOCAÇÃO,2022,9600029,9440252,5896026,3544226,"1,601121162","1,601121162",17584171,1,"9,480637545","6,35109581","8,089129799","-4,851320197",-5994481,"-0,6244232179","-0,1170272506","0,365730995","0,09207051882","0,2009641407","504,9056261","0,2517438229","0,05795878325","-0,188280192","0,2483797802","31,77781965","-5,197884421"
SEQUOIA LOGÍSTICA E TRANSPORTES S.A.,LOGÍSTICA,2019,527263,213144,201202,11942,"1,059353287","1,059353287",325448,1,"7,099439451","3,769202261","19,96296296","-14,18967324",-422652,"-0,8015961674","-0,07889990384","0,8601438187","0,03986009651","-0,08276197535",,"0,04634119974","-0,01355300865","-0,1522453242",0,"19,9917722","-16,33311435"
SEQUOIA LOGÍSTICA E TRANSPORTES S.A.,LOGÍSTICA,2020,998109,708818,328037,380781,"2,160786741","2,160786741",636516,1,"3,344989971","1,547477056","11,08964168","-19,71072095",-782679,"-0,7841618501","-0,08936248446","0,7254342318","0,03175717614","0,01708624567","2,649076517","0,04377678189","0,007041315127","-0,1143804436",0,"14,87400574","-12,86941151"
SEQUOIA LOGÍSTICA E TRANSPORTES S.A.,LOGÍSTICA,2021,1520357,643221,516523,126698,"1,245290142","1,245290142",864818,1,"3,299050815","1,439369806","6,764847688","-17,56431551",-1253942,"-0,8247681301","-0,08296702682","0,7670156778","0,02420728373","-0,02972716122","-0,4309566896","0,03156035063","-0,01174789868","-0,1357246328",0,"14,78615679","-14,28749502"
SEQUOIA LOGÍSTICA E TRANSPORTES S.A.,LOGÍSTICA,2022,1804323,590655,516640,74015,"1,143262233","1,143262233",964822,1,"3,9547158","1,924298299","13,46526372","-9,304825714",-1490718,"-0,8261924279","-0,0887327269","0,9099639862","0,03045816352","-0,2131518641","-2,545298657","0,03347183403","-0,05923108002","-0,2850143979",0,"20,51987649","-16,34496483"
SIMPAR S.A.,LOGÍSTICA,2019,9600468,9813487,5400593,4412894,"1,817112861","1,788779214",13223302,1,"8,303534061","5,185641165","5,173345542","-9,173424551",-7626826,"-0,7944223136","-0,09122503195","0,453410922","0,05368435325","0,1227313583","46,59961286","0,1184011029","0,03259872331","-0,1226407258","0,2045609225","18,12992004","-9,016418366"
SIMPAR S.A.,LOGÍSTICA,2020,9807057,11495872,5524858,5971014,"2,080754293","2,055050223",16813540,1,"7,929105883","5,215360516","2,067565857","-10,15341367",-7786984,"-0,7940184298","-0,09143334234","0,3836539337","0,04029309159","0,1232997813","23,96888567","0,1050245757","0,04053203729","-0,09438474505","0,2461786164","9,618863927","-6,585006332"
SIMPAR S.A.,LOGÍSTICA,2021,13866219,23561250,7137334,16423916,"3,301127564","3,252000911",35006600,1,"8,235929371","6,010480301","5,904900036","-7,812193218",-9382314,"-0,6766310268","-0,1008533761","0,2890711082","0,06526305743","0,2281749098","43,93513621","0,225768178","0,09584083448","-0,09272769837","0,1981112909","8,168717945","-5,286108513"
SIMPAR S.A.,LOGÍSTICA,2022,24381791,21632846,13959865,7672981,"1,549645788","1,468731921",42117896,1,"11,04662173","7,545639515","7,523133465","-4,975988495",-16790620,"-0,6886540862","-0,09359070464","0,3954262598","0,08298501996","0,1685325381","27,64833647","0,2098621877","0,03858235845","-0,1911086643","0,2755385046","10,546802","-5,437295067"
TEGMA GESTAO LOGISTICA S.A.,LOGÍSTICA,2010,1167171,263471,142004,121467,"1,855377313","1,851440804",39042,1,"1,431162509","0,09297883792","42,41037848","-87,22284443",-957286,"-0,8201763066","-0,04091602687","1,942216298","0,2802871463","0,2674481188",,"0,1443130441","0,09621726379","-0,1538724965",0,"22,28052744","-44,76750766"
TEGMA GESTAO LOGISTICA S.A.,LOGÍSTICA,2011,1509364,432484,180436,252048,"2,396883105","2,383210667",374606,1,"2,394269609","0,9410130423","3,614958018","-17,85746034",-1249718,"-0,8279765517","-0,05143126509","1,583586709","0,1870185599","0,2488645727",,"0,1180980863","0,06563691727","-0,3202280188",0,"17,6236981","-41,85538214"
TEGMA GESTAO LOGISTICA S.A.,LOGÍSTICA,2012,1799681,570127,437206,132921,"1,304023733","1,301265307",243147,1,"2,638713795","0,5856494249","2,321171043","-16,69844314",-1551909,"-0,8623244897","-0,05726375952","1,642752171","0,1410945225","0,1938363341",,"0,08588911035","0,0447168137","-0,3349643494",0,"13,30443541","-50,80979586"
TEGMA GESTAO LOGISTICA S.A.,LOGÍSTICA,2013,1772493,609946,266364,343582,"2,289896533","2,282042618",532521,1,"2,989265385","1,32600511","1,330817912","-12,52369455",-1552038,"-0,8756243325","-0,06962312404","1,476483216","0,09233450203","0,09829730228","17,44410075","0,0625367773","0,02227145608","-0,3789907183",0,"17,17919008","-48,27715134"
TEGMA GESTAO LOGISTICA S.A.,LOGÍSTICA,2014,1439553,621340,174059,447281,"3,569709122","3,563984051",518145,1,"2,911257634","1,430660018","3,719210239","-18,08519025",-1195975,"-0,8307960874","-0,07402853525","1,365312754","0,1277020721","-0,06335387606","-4,876726886","0,09353320093","-0,0159389755","-0,2470109968",0,"11,76218305","-46,09299726"
TEGMA GESTAO LOGISTICA S.A.,LOGÍSTICA,2015,1122564,449610,209648,239962,"2,144594749","2,140938621",334293,1,"2,488768704","0,9149612851","2,153721502","-17,81289365",-974454,"-0,8680609747","-0,09088034179","1,234531026","0,04853272393","0,02717844993","1,718885235","0,03931268061","0,008845820817","-0,2527737383",0,"18,39145768","-42,92370716"
TEGMA GESTAO LOGISTICA S.A.,LOGÍSTICA,2016,923891,375977,250848,125129,"1,498823989","1,498407402",202197,1,"2,207871984","0,5390813086","2,664809113","-16,07139535",-781340,"-0,8457058246","-0,08472103311","1,115646004","0,06843919133","0,03686176438","4,610203401","0,06134489891","0,01496496881","-0,2752794976","0,5786199913","19,3219981","-36,20331758"
TEGMA GESTAO LOGISTICA S.A.,LOGÍSTICA,2017,1083975,374680,193112,181568,"1,940221219","1,939633477",195933,1,"1,866844472","0,4365650192","2,461449404","-37,63391173",-850043,"-0,7841905948","-0,1044627413","1,293756288","0,1297474133","0,2311978895","52,45854398","0,1002873683","0,09572453239","-0,1635389222","0,3744687413","23,60585587","-52,73710333"
TEGMA GESTAO LOGISTICA S.A.,LOGÍSTICA,2018,1253779,337511,170642,166869,"1,977889382","1,977382473",154419,1,"1,671097834","0,3188024906","6,576145007","-39,94999409",-995805,"-0,794242845","-0,07813897027","1,54895958","0,1895351437","0,2234831906","5,62303257","0,1223628726","0,08633818241","-0,2081824642","0,2614804756","19,18787614","-53,97609627"
TEGMA GESTAO LOGISTICA S.A.,LOGÍSTICA,2019,1347320,449072,268715,180357,"1,671183224","1,671043671",141627,1,"1,713540227","0,2462739902","4,726069203","-58,59186842",-1060475,"-0,7870995755","-0,03644271591","1,367253184","0,246190207","0,3372962671","5,058863417","0,1800619007","0,1439687676","-0,1161616408",0,"19,27641203","-58,40906587"
TEGMA GESTAO LOGISTICA S.A.,LOGÍSTICA,2020,1012035,517707,205845,311862,"2,515033156","2,514833977",195448,1,"1,641413019","0,3123974049","4,790548958","-33,20626373",-811900,"-0,8022449816","-0,09061741936","0,9854936841","0,1034235957","0,1174942739","1,929775281","0,1049459752","0,0726348397","-0,1656595056","0,1706049599","17,32476826","-51,93168735"
TEGMA GESTAO LOGISTICA S.A.,LOGÍSTICA,2021,1007343,507179,219730,287449,"2,308191872","2,305345196",143747,1,"1,533504281","0,2109889755","7,143044907","-50,74007424",-819405,"-0,8134319691","-0,07202909039","0,9641694216","0,1219483948","0,1582046702","2,689716268","0,1264802555","0,1069993041","-0,1171078225","0,2072551839","12,45320666","-34,25749404"
TEGMA GESTAO LOGISTICA S.A.,LOGÍSTICA,2022,1370509,552717,240365,312352,"2,299490358","2,297401868",103588,1,"1,448365134","0,1350337037","6,775215134","-66,10152342",-1095830,"-0,7995788426","-0,06060777419","1,233492638","0,1810688699","0,2081324214","3,329801877","0,1467936365","0,1164997822","-0,1278663073","0,2477891071","15,75646336","-44,36019917"
UNIDAS LOCAÇÕES E SERVIÇOS S.A.,LOCAÇÃO,2019,697134,513227,163214,350013,"3,144503535","3,144503535",1297495,1,"4,764840059","3,344171325","5,976834093","-3,975166845",-575263,"-0,8251828199","-0,1269684164","0,3770949902","0,01804352906","-0,2255359071","-10938,125","0,04784876365","-0,1255210619","-0,270606945",0,"15,28065407","-27,59121322"
UNIDAS LOCAÇÕES E SERVIÇOS S.A.,LOCAÇÃO,2020,815830,666681,212464,454217,"3,137853942","3,137853942",1631302,1,"5,821929487","4,266280654","1,75645331","-4,770787424",-649020,"-0,7955333832","-0,1012698724","0,3664778942","0,03781932559","-0,01468730631",-702,"0,1031967444","-0,006883787063","-0,2042808035",0,"18,58806106","-13,19079315"
UNIDAS LOCAÇÕES E SERVIÇOS S.A.,LOCAÇÃO,2021,917215,549860,406692,143168,"1,352030529","1,352030529",2287570,1,"5,314616062","3,663335735","17,28865054","-5,601449882",-623484,"-0,6797577449","-0,09345573284","0,2763767992","0,06267853312","0,05675234206",,"0,2267865222","0,03863761495","-0,1329113501",0,"18,19780765","-5,277746975"
UNIDAS LOCAÇÕES E SERVIÇOS S.A.,LOCAÇÃO,2022,1375163,1036174,664359,371815,"1,559659762","1,559659762",3295643,1,"4,951009502","3,28815915","5,706585009","-3,666731047",-833438,"-0,606064881","-0,07682725611","0,2771233292","0,08787798668","0,1019030686",,"0,3171078628","0,07427119549","-0,2039650485",0,"19,2098762","-5,00276418"
UNIDAS LOCAÇÕES E SERVIÇOS S.A.,LOCAÇÃO,2010,769861,143633,598806,-455173,"0,239865666","0,239865666",26515,1,"3,164736713","0,09178964714","2,215523447","-6,227942852",-680606,"-0,8840634868","-0,1358582913","0,8421254709","-0,01677663675","-0,4366957804","-25229,4","-0,01992177809","-0,1638568521","-0,4490749551",0,"34,69209711",
UNIDAS LOCAÇÕES E SERVIÇOS S.A.,LOCAÇÃO,2011,670934,540515,93470,447045,"5,782764523","5,782764523",587216,1,"2,274532971","1,099517476","5,74169728","-5,578606206",-535774,"-0,7985494847","-0,1339237541","0,5523213361","0,03729647097","-0,1210185239",,"0,0675267612","-0,09633138282","-0,4007016451",0,"28,67423125",
UNIDAS LOCAÇÕES E SERVIÇOS S.A.,LOCAÇÃO,2012,671310,451341,162591,288750,"2,775928557","2,775928557",503014,1,"2,085141209","0,8200677882","3,504831948","-10,19617686",-537986,"-0,801397268","-0,119527491","0,5248767383","0,04150475455","0,1280688512",,"0,07907524095","0,1170174733","-0,2214797064",0,"23,31018438",
UNIDAS LOCAÇÕES E SERVIÇOS S.A.,LOCAÇÃO,2013,827024,543511,342481,201030,"1,586981468","1,586981468",645451,1,"2,461673554","0,9549631523","15,33424408","-11,48764275",-606362,"-0,733185494","-0,1263119329","0,497062488","0,06983855855","0,09055898066",,"0,1405025731","0,07400994409","-0,1641529984",0,"19,11564398",
UNIDAS LOCAÇÕES E SERVIÇOS S.A.,LOCAÇÃO,2014,1000591,432453,462940,-30487,"0,9341448136","0,9341448136",575392,1,"2,433134857","0,7941721255","12,15869234","-9,748262127",-699405,"-0,6989918958","-0,1422209474","0,5675984911","0,0901273506","0,06623023859",,"0,1587871568","0,04795665762","-0,2258256511",0,"17,80054704",
UNIDAS LOCAÇÕES E SERVIÇOS S.A.,LOCAÇÃO,2015,1125455,541292,626194,-84902,"0,86441582","0,86441582",527434,1,"2,540987592","0,7045332201","2,476464921","-5,275008868",-811508,"-0,7210488203","-0,1231226482","0,5916419285","0,09219469294","0,05710037949",,"0,1558285316","0,03798197174","-0,4154285437",0,"18,04170357",
UNIDAS LOCAÇÕES E SERVIÇOS S.A.,LOCAÇÃO,2016,1278609,476957,864475,-387518,"0,5517302409","0,4631163423",530049,1,"2,795489016","0,6824530503","3,487192538","-5,398963808",-894672,"-0,699722902","-0,1304175084","0,5888934537","0,1000292004","0,06034516057",,"0,1698595896","0,03665624127","-0,3839460633","0,5091851757","21,63778208","-5,61304712"
UNIDAS LOCAÇÕES E SERVIÇOS S.A.,LOCAÇÃO,2017,1613851,638539,1042483,-403944,"0,6125174223","0,5258977844",1059923,1,"3,599629297","1,310596946","12,68671885","-9,349453649",-1171845,"-0,726117219","-0,1255661148","0,5543709868","0,08222245657","0,07531162943",,"0,1483166662","0,03774016313","-0,1848253858","0,4520991019","25,99725344","-4,476406941"
VIX LOGÍSTICA S.A.,LOGÍSTICA,2019,1689590,976935,555512,421423,"1,758620876","1,730874401",1375744,1,"3,984353921","2,125925823","1,980374085","-8,8581158",-1442735,"-0,8538965074","-0,05923685628","0,6552905445","0,05834160402","0,0688581994","129,5348837","0,08903165857","0,02637326215","-0,2092296412",0,"18,62258619","-49,54702337"
VIX LOGÍSTICA S.A.,LOGÍSTICA,2020,1694800,967049,784897,182152,"1,232071214","1,209364413",1173626,1,"3,803384634","1,679901178","1,198784994","-5,846116354",-1416957,"-0,8360614822","-0,05451203682","0,6378260024","0,07237902551","0,1068837779","217,0697674","0,1134776965","0,04405947604","-0,3121791268",0,"21,73189676","-34,47332312"
VIX LOGÍSTICA S.A.,LOGÍSTICA,2021,2087850,1314170,683045,631125,"1,923987439","1,888926059",1995680,1,"4,328311569","2,479629238","0,8323215972","-3,71644127",-1667684,"-0,7987566157","-0,05429556721","0,599344635","0,09122031947","0,1887292969","87,09575688","0,1522001102","0,07275187394","-0,4422178462",0,"20,26522367","-37,2708459"
VIX LOGÍSTICA S.A.,LOGÍSTICA,2022,2620081,1219893,677944,541949,"1,799400835","1,753933953",2350077,1,"4,52642471","2,736893041","2,245549895","-5,030579217",-2068818,"-0,7896007795","-0,06953143815","0,6741167992","0,09353441633","0,1030121141","143,8260163","0,1387510539","0,03375964331","-0,3679267746",0,"20,10845181","-21,87073039"
VIX LOGÍSTICA S/A,LOGÍSTICA,2010,703642234,263170862,130014273,133156589,"2,024169008","1,99274675",320067257,1,"3,862216411","2,035412908","10,25750972","-15,24860932",-583189891,"-0,8288159278","-0,05553139523","1,158581449","0,1399520421","0,2316269946","684,7363939","0,1207960323","0,05176378171","-0,2164370575","0,0243218996","28,52562183","-86,5598692"
VIX LOGÍSTICA S/A,LOGÍSTICA,2011,687367,201823,110190,91633,"1,831590888","1,804986841",394183,1,"3,935900346","2,294496347","5,33126432","-11,3316817",-564900,"-0,8218317144","-0,05470149134","1,016562452","0,1301525656","0,198661195","643,9433962","0,1280320411","0,04965178718","-0,253689234","0,05341498432","25,70605284","-97,34620024"
VIX LOGÍSTICA S/A,LOGÍSTICA,2012,795239,209646,139897,69749,"1,498573951","1,478784391",456595,1,"3,872957235","2,199154236","6,837409793","-14,88247455",-644871,"-0,8109147061","-0,05908915433","0,9889617779","0,1308606356","0,2438072853","955,0943396","0,1323212267","0,0636538198","-0,1897494015",0,"25,65845789","-62,8774376"
VIX LOGÍSTICA S/A,LOGÍSTICA,2013,1014652,274536,234018,40518,"1,173140528","1,153152749",514823,1,"4,047302219","2,094999166","6,639447843","-16,41817819",-839731,"-0,8276049325","-0,05445709465","1,020181383","0,1253383338","0,251588067",,"0,1228588718","0,0609322211","-0,1740449575","0,01302062273","24,63599667",
VIX LOGÍSTICA S/A,LOGÍSTICA,2014,1116380,508756,342538,166218,"1,485254191","1,468101349",405370,1,"2,55350381","0,8420070913","5,592606969","-13,23182237",-923336,"-0,8270803848","-0,0553171859","0,9081125579","0,1071753077","0,1063346302",,"0,1180198499","0,04585624966","-0,2380988036",0,"27,05621463",
VIX LOGÍSTICA S/A,LOGÍSTICA,2015,1155485,577279,261461,315818,"2,207897162","2,180774571",518687,1,"2,468641049","0,9764365479","1,477915443","-8,919344143",-953549,"-0,8252370217","-0,05925823356","0,8811402278","0,1032278137","0,1269248726","322,5980861","0,1171525377","0,05835038966","-0,351792224",0,"29,16216063","-182,7072236"
VIX LOGÍSTICA S/A,LOGÍSTICA,2016,1026653,535554,219969,315585,"2,434679432","2,406254972",441257,1,"2,171281699","0,7816332821","2,118176613","-12,05629219",-857125,"-0,8348731266","-0,06455345672","0,8375658164","0,08598271437","0,08500669581","188,1921569","0,1026578601","0,0467431547","-0,2741936947",0,"25,32022912","-120,0959787"
VIX LOGÍSTICA S/A,LOGÍSTICA,2017,995152,472874,276513,196361,"1,710132977","1,684586258",305581,1,"1,982249799","0,5156501798","2,546370686","-20,86182716",-852884,"-0,8570389247","-0,07022645787","0,8471491189","0,06438626824","0,06702181694","115,4593023","0,0760034648","0,03991149091","-0,1754080956",0,"23,0017162","-40,56523187"
VIX LOGÍSTICA S/A,LOGÍSTICA,2018,1208061,572503,354549,217954,"1,614735904","1,587184",878471,1,"3,0066464","1,429644831","1,826292735","-15,161376",-1043188,"-0,8635226201","-0,0678566728","0,6538938277","0,04509474486","0,05809578367","101,4147727","0,06896340499","0,02954983233","-0,1380139819",0,"17,17697577","-27,24510956"